Changes made at Sat Aug  9 05:58:18 UTC 2025
Changes made at Thu Nov 20 14:07:25 UTC 2025
Changes made at Thu Nov 20 14:09:06 UTC 2025
Changes made at Thu Nov 20 16:11:31 UTC 2025
Changes made at Fri Nov 21 08:13:48 UTC 2025
Changes made at Fri Nov 21 10:10:11 UTC 2025
Changes made at Fri Nov 21 14:09:18 UTC 2025
Changes made at Fri Nov 21 16:11:02 UTC 2025
Changes made at Sat Nov 22 08:11:38 UTC 2025
Changes made at Sat Nov 22 10:08:38 UTC 2025
Changes made at Sat Nov 22 14:07:16 UTC 2025
Changes made at Sat Nov 22 16:09:52 UTC 2025
Changes made at Sun Nov 23 08:11:34 UTC 2025
Changes made at Sun Nov 23 10:08:39 UTC 2025
Changes made at Sun Nov 23 14:07:18 UTC 2025
Changes made at Sun Nov 23 16:09:43 UTC 2025
Changes made at Mon Nov 24 08:14:30 UTC 2025
Changes made at Mon Nov 24 10:11:19 UTC 2025
Changes made at Mon Nov 24 14:10:09 UTC 2025
Changes made at Mon Nov 24 16:10:09 UTC 2025
Changes made at Tue Nov 25 08:14:04 UTC 2025
Changes made at Tue Nov 25 10:11:21 UTC 2025
Changes made at Tue Nov 25 14:09:39 UTC 2025
Changes made at Tue Nov 25 16:12:31 UTC 2025
Changes made at Wed Nov 26 08:13:41 UTC 2025
Changes made at Wed Nov 26 10:11:01 UTC 2025
Changes made at Wed Nov 26 14:09:56 UTC 2025
Changes made at Wed Nov 26 16:11:22 UTC 2025
Changes made at Thu Nov 27 08:14:27 UTC 2025
Changes made at Thu Nov 27 10:10:28 UTC 2025
Changes made at Thu Nov 27 14:09:23 UTC 2025
Changes made at Thu Nov 27 16:11:23 UTC 2025
Changes made at Fri Nov 28 08:13:59 UTC 2025
Changes made at Fri Nov 28 10:10:28 UTC 2025
Changes made at Fri Nov 28 14:09:14 UTC 2025
Changes made at Fri Nov 28 16:10:53 UTC 2025
Changes made at Sat Nov 29 08:12:13 UTC 2025
Changes made at Sat Nov 29 10:08:54 UTC 2025
Changes made at Sat Nov 29 14:07:39 UTC 2025
Changes made at Sat Nov 29 16:10:06 UTC 2025
Changes made at Sun Nov 30 08:11:17 UTC 2025
Changes made at Sun Nov 30 10:08:50 UTC 2025
Changes made at Sun Nov 30 14:08:01 UTC 2025
Changes made at Sun Nov 30 16:10:00 UTC 2025
Changes made at Mon Dec  1 08:15:43 UTC 2025
Changes made at Mon Dec  1 10:12:03 UTC 2025
Changes made at Mon Dec  1 14:11:03 UTC 2025
Changes made at Mon Dec  1 16:13:34 UTC 2025
Changes made at Tue Dec  2 08:14:35 UTC 2025
Changes made at Tue Dec  2 10:11:09 UTC 2025
Changes made at Tue Dec  2 14:11:02 UTC 2025
Changes made at Tue Dec  2 16:13:10 UTC 2025
Changes made at Wed Dec  3 08:14:04 UTC 2025
Changes made at Wed Dec  3 10:11:12 UTC 2025
Changes made at Wed Dec  3 14:10:33 UTC 2025
Changes made at Wed Dec  3 16:14:00 UTC 2025
Changes made at Thu Dec  4 08:14:44 UTC 2025
Changes made at Thu Dec  4 10:11:23 UTC 2025
Changes made at Thu Dec  4 14:10:49 UTC 2025
Changes made at Thu Dec  4 16:13:26 UTC 2025
Changes made at Fri Dec  5 08:13:49 UTC 2025
Changes made at Fri Dec  5 10:10:36 UTC 2025
Changes made at Fri Dec  5 14:09:59 UTC 2025
Changes made at Fri Dec  5 16:11:58 UTC 2025
Changes made at Sat Dec  6 08:11:47 UTC 2025
Changes made at Sat Dec  6 10:08:48 UTC 2025
Changes made at Sat Dec  6 14:07:32 UTC 2025
Changes made at Sat Dec  6 16:10:01 UTC 2025
Changes made at Sun Dec  7 08:11:30 UTC 2025
Changes made at Sun Dec  7 10:08:29 UTC 2025
Changes made at Sun Dec  7 14:07:43 UTC 2025
Changes made at Sun Dec  7 16:09:48 UTC 2025
Changes made at Mon Dec  8 08:15:55 UTC 2025
Changes made at Mon Dec  8 10:11:36 UTC 2025
Changes made at Mon Dec  8 14:10:33 UTC 2025
Changes made at Mon Dec  8 16:12:31 UTC 2025
Changes made at Tue Dec  9 08:14:35 UTC 2025
Changes made at Tue Dec  9 10:11:49 UTC 2025
Changes made at Tue Dec  9 14:11:28 UTC 2025
Changes made at Tue Dec  9 16:13:00 UTC 2025
Changes made at Wed Dec 10 08:14:16 UTC 2025
Changes made at Wed Dec 10 10:11:44 UTC 2025
Changes made at Wed Dec 10 14:12:35 UTC 2025
Changes made at Wed Dec 10 16:14:18 UTC 2025
Changes made at Thu Dec 11 08:15:11 UTC 2025
Changes made at Thu Dec 11 10:11:25 UTC 2025
Changes made at Thu Dec 11 14:13:11 UTC 2025
Changes made at Thu Dec 11 16:14:30 UTC 2025
Changes made at Fri Dec 12 08:14:35 UTC 2025
Changes made at Fri Dec 12 10:10:57 UTC 2025
Changes made at Fri Dec 12 14:09:58 UTC 2025
Changes made at Fri Dec 12 16:10:48 UTC 2025
Changes made at Sat Dec 13 08:12:02 UTC 2025
Changes made at Sat Dec 13 10:08:44 UTC 2025
Changes made at Sat Dec 13 14:08:14 UTC 2025
Changes made at Sat Dec 13 16:10:34 UTC 2025
Changes made at Sun Dec 14 08:12:05 UTC 2025
Changes made at Sun Dec 14 10:09:28 UTC 2025
Changes made at Sun Dec 14 14:08:25 UTC 2025
Changes made at Sun Dec 14 16:10:11 UTC 2025
Changes made at Mon Dec 15 08:16:29 UTC 2025
Changes made at Mon Dec 15 10:13:44 UTC 2025
Changes made at Mon Dec 15 14:13:51 UTC 2025
Changes made at Mon Dec 15 16:14:43 UTC 2025
Changes made at Tue Dec 16 08:15:17 UTC 2025
Changes made at Tue Dec 16 10:11:44 UTC 2025
Changes made at Tue Dec 16 14:13:37 UTC 2025
Changes made at Tue Dec 16 16:13:17 UTC 2025
Changes made at Wed Dec 17 08:14:55 UTC 2025
Changes made at Wed Dec 17 10:11:22 UTC 2025
Changes made at Wed Dec 17 14:11:16 UTC 2025
Changes made at Wed Dec 17 16:13:40 UTC 2025
Changes made at Thu Dec 18 08:14:23 UTC 2025
Changes made at Thu Dec 18 10:11:00 UTC 2025
Changes made at Thu Dec 18 14:12:22 UTC 2025
Changes made at Thu Dec 18 16:14:05 UTC 2025
Changes made at Fri Dec 19 08:14:39 UTC 2025
Changes made at Fri Dec 19 10:10:32 UTC 2025
Changes made at Fri Dec 19 14:10:38 UTC 2025
Changes made at Fri Dec 19 16:11:55 UTC 2025
Changes made at Sat Dec 20 08:12:17 UTC 2025
Changes made at Sat Dec 20 10:09:00 UTC 2025
Changes made at Sat Dec 20 14:08:25 UTC 2025
Changes made at Sat Dec 20 16:10:23 UTC 2025
Changes made at Sun Dec 21 08:12:11 UTC 2025
Changes made at Sun Dec 21 10:09:05 UTC 2025
Changes made at Sun Dec 21 14:08:23 UTC 2025
Changes made at Sun Dec 21 16:10:06 UTC 2025
Changes made at Mon Dec 22 08:15:33 UTC 2025
Changes made at Mon Dec 22 10:11:25 UTC 2025
Changes made at Mon Dec 22 14:10:34 UTC 2025
Changes made at Mon Dec 22 16:11:51 UTC 2025
Changes made at Tue Dec 23 08:14:50 UTC 2025
Changes made at Tue Dec 23 10:11:12 UTC 2025
Changes made at Tue Dec 23 14:10:23 UTC 2025
Changes made at Tue Dec 23 16:12:42 UTC 2025
Changes made at Wed Dec 24 08:14:57 UTC 2025
Changes made at Wed Dec 24 10:10:25 UTC 2025
Changes made at Wed Dec 24 14:08:59 UTC 2025
Changes made at Wed Dec 24 16:12:08 UTC 2025
Changes made at Thu Dec 25 08:14:07 UTC 2025
Changes made at Thu Dec 25 10:10:20 UTC 2025
Changes made at Thu Dec 25 14:09:17 UTC 2025
Changes made at Thu Dec 25 16:12:01 UTC 2025
Changes made at Fri Dec 26 08:14:05 UTC 2025
Changes made at Fri Dec 26 10:10:22 UTC 2025
Changes made at Fri Dec 26 14:10:01 UTC 2025
Changes made at Fri Dec 26 16:11:12 UTC 2025
Changes made at Sat Dec 27 08:12:18 UTC 2025
Changes made at Sat Dec 27 10:08:59 UTC 2025
Changes made at Sat Dec 27 14:08:38 UTC 2025
Changes made at Sat Dec 27 16:10:32 UTC 2025
Changes made at Sun Dec 28 08:13:12 UTC 2025
Changes made at Sun Dec 28 10:09:14 UTC 2025
Changes made at Sun Dec 28 14:08:59 UTC 2025
Changes made at Sun Dec 28 16:10:37 UTC 2025
Changes made at Mon Dec 29 08:16:17 UTC 2025
Changes made at Mon Dec 29 10:12:11 UTC 2025
Changes made at Mon Dec 29 14:11:28 UTC 2025
Changes made at Mon Dec 29 16:11:43 UTC 2025
Changes made at Tue Dec 30 08:14:48 UTC 2025
Changes made at Tue Dec 30 10:10:56 UTC 2025
Changes made at Tue Dec 30 14:11:07 UTC 2025
Changes made at Tue Dec 30 16:12:36 UTC 2025
Changes made at Wed Dec 31 08:14:56 UTC 2025
Changes made at Wed Dec 31 10:10:22 UTC 2025
Changes made at Wed Dec 31 14:10:20 UTC 2025
Changes made at Wed Dec 31 16:12:17 UTC 2025
Changes made at Thu Jan  1 08:14:47 UTC 2026
Changes made at Thu Jan  1 10:10:42 UTC 2026
Changes made at Thu Jan  1 14:09:22 UTC 2026
Changes made at Thu Jan  1 16:12:16 UTC 2026
Changes made at Fri Jan  2 08:14:42 UTC 2026
Changes made at Fri Jan  2 10:10:17 UTC 2026
Changes made at Fri Jan  2 14:10:22 UTC 2026
Changes made at Fri Jan  2 16:11:35 UTC 2026
Changes made at Sat Jan  3 08:13:20 UTC 2026
Changes made at Sat Jan  3 10:09:10 UTC 2026
Changes made at Sat Jan  3 14:08:43 UTC 2026
Changes made at Sat Jan  3 16:10:42 UTC 2026
Changes made at Sun Jan  4 08:13:34 UTC 2026
Changes made at Sun Jan  4 10:09:03 UTC 2026
Changes made at Sun Jan  4 14:08:40 UTC 2026
Changes made at Sun Jan  4 16:10:24 UTC 2026
Changes made at Mon Jan  5 08:16:58 UTC 2026
Changes made at Mon Jan  5 10:13:12 UTC 2026
Changes made at Mon Jan  5 14:13:27 UTC 2026
Changes made at Mon Jan  5 16:13:38 UTC 2026
Changes made at Tue Jan  6 08:15:33 UTC 2026
Changes made at Tue Jan  6 10:11:19 UTC 2026
Changes made at Tue Jan  6 14:11:59 UTC 2026
Changes made at Tue Jan  6 16:13:17 UTC 2026
Changes made at Wed Jan  7 08:15:10 UTC 2026
Changes made at Wed Jan  7 10:12:36 UTC 2026
Changes made at Wed Jan  7 14:13:12 UTC 2026
Changes made at Wed Jan  7 16:15:00 UTC 2026
Changes made at Thu Jan  8 08:15:03 UTC 2026
Changes made at Thu Jan  8 10:12:30 UTC 2026
Changes made at Thu Jan  8 14:14:08 UTC 2026
Changes made at Thu Jan  8 16:14:35 UTC 2026
Changes made at Fri Jan  9 08:15:12 UTC 2026
Changes made at Fri Jan  9 10:11:26 UTC 2026
Changes made at Fri Jan  9 14:12:39 UTC 2026
Changes made at Fri Jan  9 16:12:35 UTC 2026
Changes made at Sat Jan 10 08:12:46 UTC 2026
Changes made at Sat Jan 10 10:09:11 UTC 2026
Changes made at Sat Jan 10 14:08:54 UTC 2026
Changes made at Sat Jan 10 16:10:14 UTC 2026
Changes made at Sun Jan 11 08:12:47 UTC 2026
Changes made at Sun Jan 11 10:09:53 UTC 2026
Changes made at Sun Jan 11 14:08:33 UTC 2026
Changes made at Sun Jan 11 16:10:42 UTC 2026
Changes made at Mon Jan 12 08:16:40 UTC 2026
Changes made at Mon Jan 12 10:13:44 UTC 2026
Changes made at Mon Jan 12 14:14:33 UTC 2026
Changes made at Mon Jan 12 16:14:38 UTC 2026
Changes made at Tue Jan 13 08:15:17 UTC 2026
Changes made at Tue Jan 13 10:11:33 UTC 2026
Changes made at Tue Jan 13 14:14:12 UTC 2026
Changes made at Tue Jan 13 16:16:23 UTC 2026
Changes made at Wed Jan 14 08:14:58 UTC 2026
Changes made at Wed Jan 14 10:12:43 UTC 2026
Changes made at Wed Jan 14 14:14:30 UTC 2026
Changes made at Wed Jan 14 16:14:56 UTC 2026
Changes made at Thu Jan 15 08:15:19 UTC 2026
Changes made at Thu Jan 15 10:11:52 UTC 2026
Changes made at Thu Jan 15 14:13:58 UTC 2026
Changes made at Thu Jan 15 16:19:35 UTC 2026
Changes made at Fri Jan 16 08:14:55 UTC 2026
Changes made at Fri Jan 16 10:11:19 UTC 2026
Changes made at Fri Jan 16 14:12:57 UTC 2026
Changes made at Fri Jan 16 16:13:47 UTC 2026
Changes made at Sat Jan 17 08:12:34 UTC 2026
Changes made at Sat Jan 17 10:09:57 UTC 2026
Changes made at Sat Jan 17 14:08:32 UTC 2026
Changes made at Sat Jan 17 16:09:51 UTC 2026
Changes made at Sun Jan 18 08:12:55 UTC 2026
Changes made at Sun Jan 18 10:10:02 UTC 2026
Changes made at Sun Jan 18 14:08:23 UTC 2026
Changes made at Sun Jan 18 16:10:42 UTC 2026
Changes made at Mon Jan 19 08:17:40 UTC 2026
Changes made at Mon Jan 19 10:16:08 UTC 2026
Changes made at Mon Jan 19 14:16:33 UTC 2026
Changes made at Mon Jan 19 16:14:04 UTC 2026
Changes made at Tue Jan 20 08:16:08 UTC 2026
Changes made at Tue Jan 20 10:15:14 UTC 2026
Changes made at Tue Jan 20 14:19:31 UTC 2026
Changes made at Tue Jan 20 16:19:06 UTC 2026
Changes made at Wed Jan 21 08:16:06 UTC 2026
Changes made at Wed Jan 21 10:14:36 UTC 2026
Changes made at Wed Jan 21 14:18:54 UTC 2026
Changes made at Wed Jan 21 16:21:59 UTC 2026
Changes made at Thu Jan 22 08:15:32 UTC 2026
Changes made at Thu Jan 22 10:14:57 UTC 2026
Changes made at Thu Jan 22 14:20:17 UTC 2026
Changes made at Thu Jan 22 16:18:33 UTC 2026
Changes made at Fri Jan 23 08:14:49 UTC 2026
Changes made at Fri Jan 23 10:12:51 UTC 2026
Changes made at Fri Jan 23 14:14:23 UTC 2026
Changes made at Fri Jan 23 16:15:03 UTC 2026
Changes made at Sat Jan 24 08:12:50 UTC 2026
Changes made at Sat Jan 24 10:09:48 UTC 2026
Changes made at Sat Jan 24 14:08:54 UTC 2026
Changes made at Sat Jan 24 16:10:30 UTC 2026
Changes made at Sun Jan 25 08:13:23 UTC 2026
Changes made at Sun Jan 25 10:09:57 UTC 2026
Changes made at Sun Jan 25 14:08:58 UTC 2026
Changes made at Sun Jan 25 16:11:22 UTC 2026
Changes made at Mon Jan 26 08:16:38 UTC 2026
Changes made at Mon Jan 26 10:14:48 UTC 2026
Changes made at Mon Jan 26 14:17:47 UTC 2026
Changes made at Mon Jan 26 16:18:06 UTC 2026
Changes made at Tue Jan 27 08:16:37 UTC 2026
Changes made at Tue Jan 27 10:14:48 UTC 2026
Changes made at Tue Jan 27 14:19:37 UTC 2026
Changes made at Tue Jan 27 16:15:38 UTC 2026
Changes made at Wed Jan 28 08:16:01 UTC 2026
Changes made at Wed Jan 28 10:15:58 UTC 2026
Changes made at Wed Jan 28 14:19:23 UTC 2026
Changes made at Wed Jan 28 16:21:01 UTC 2026
Changes made at Thu Jan 29 08:24:05 UTC 2026
Changes made at Thu Jan 29 10:24:04 UTC 2026
Changes made at Thu Jan 29 14:29:43 UTC 2026
Changes made at Thu Jan 29 16:27:07 UTC 2026
Changes made at Fri Jan 30 08:23:15 UTC 2026
Changes made at Fri Jan 30 10:20:59 UTC 2026
Changes made at Fri Jan 30 14:24:53 UTC 2026
Changes made at Fri Jan 30 16:23:37 UTC 2026
Changes made at Sat Jan 31 08:14:30 UTC 2026
Changes made at Sat Jan 31 10:11:40 UTC 2026
Changes made at Sat Jan 31 14:12:45 UTC 2026
Changes made at Sat Jan 31 16:12:39 UTC 2026
Changes made at Sun Feb  1 08:17:58 UTC 2026
Changes made at Sun Feb  1 10:12:37 UTC 2026
Changes made at Sun Feb  1 14:14:50 UTC 2026
Changes made at Sun Feb  1 16:14:01 UTC 2026
Changes made at Mon Feb  2 08:27:59 UTC 2026
Changes made at Mon Feb  2 10:32:18 UTC 2026
Changes made at Mon Feb  2 14:32:24 UTC 2026
Changes made at Mon Feb  2 16:22:31 UTC 2026
Changes made at Tue Feb  3 08:23:16 UTC 2026
Changes made at Tue Feb  3 10:27:30 UTC 2026
Changes made at Tue Feb  3 14:35:38 UTC 2026
Changes made at Tue Feb  3 16:37:23 UTC 2026
Changes made at Wed Feb  4 08:25:29 UTC 2026
Changes made at Wed Feb  4 10:27:11 UTC 2026
Changes made at Wed Feb  4 14:33:49 UTC 2026
Changes made at Wed Feb  4 16:31:06 UTC 2026
Changes made at Thu Feb  5 08:28:20 UTC 2026
Changes made at Thu Feb  5 10:28:55 UTC 2026
Changes made at Thu Feb  5 14:35:53 UTC 2026
Changes made at Thu Feb  5 16:31:22 UTC 2026
Changes made at Fri Feb  6 08:26:52 UTC 2026
Changes made at Fri Feb  6 10:27:21 UTC 2026
Changes made at Fri Feb  6 14:32:17 UTC 2026
Changes made at Fri Feb  6 16:29:15 UTC 2026
Changes made at Sat Feb  7 08:15:41 UTC 2026
Changes made at Sat Feb  7 10:12:37 UTC 2026
Changes made at Sat Feb  7 14:14:46 UTC 2026
Changes made at Sat Feb  7 16:14:28 UTC 2026
Changes made at Sun Feb  8 08:18:23 UTC 2026
Changes made at Sun Feb  8 10:13:58 UTC 2026
Changes made at Sun Feb  8 14:16:47 UTC 2026
Changes made at Sun Feb  8 16:15:16 UTC 2026
Changes made at Mon Feb  9 08:35:09 UTC 2026
Changes made at Mon Feb  9 10:44:09 UTC 2026
Changes made at Mon Feb  9 14:43:41 UTC 2026
Changes made at Tue Feb 10 08:35:48 UTC 2026
Changes made at Tue Feb 10 10:41:31 UTC 2026
Changes made at Tue Feb 10 14:49:43 UTC 2026
Changes made at Tue Feb 10 16:50:15 UTC 2026
Changes made at Wed Feb 11 08:33:01 UTC 2026
Changes made at Wed Feb 11 10:36:45 UTC 2026
Changes made at Wed Feb 11 14:44:34 UTC 2026
Changes made at Wed Feb 11 16:49:54 UTC 2026
Changes made at Thu Feb 12 08:30:28 UTC 2026
Changes made at Thu Feb 12 10:31:59 UTC 2026
Changes made at Thu Feb 12 14:40:03 UTC 2026
Changes made at Thu Feb 12 16:42:57 UTC 2026
Changes made at Fri Feb 13 08:28:43 UTC 2026
Changes made at Fri Feb 13 10:27:37 UTC 2026
Changes made at Fri Feb 13 14:32:31 UTC 2026
Changes made at Fri Feb 13 16:29:51 UTC 2026
Changes made at Sat Feb 14 08:16:55 UTC 2026
Changes made at Sat Feb 14 10:13:19 UTC 2026
Changes made at Sat Feb 14 14:15:28 UTC 2026
Changes made at Sat Feb 14 16:14:11 UTC 2026
Changes made at Sun Feb 15 08:18:00 UTC 2026
Changes made at Sun Feb 15 10:13:50 UTC 2026
Changes made at Sun Feb 15 14:16:16 UTC 2026
Changes made at Sun Feb 15 16:14:02 UTC 2026
Changes made at Mon Feb 16 08:31:56 UTC 2026
Changes made at Mon Feb 16 10:36:44 UTC 2026
Changes made at Mon Feb 16 14:34:13 UTC 2026
Changes made at Mon Feb 16 16:28:16 UTC 2026
Changes made at Tue Feb 17 08:30:11 UTC 2026
Changes made at Tue Feb 17 10:33:22 UTC 2026
Changes made at Tue Feb 17 14:37:38 UTC 2026
Changes made at Tue Feb 17 16:41:41 UTC 2026
Changes made at Wed Feb 18 08:30:49 UTC 2026
Changes made at Wed Feb 18 10:31:03 UTC 2026
Changes made at Wed Feb 18 14:37:30 UTC 2026
Changes made at Wed Feb 18 16:46:57 UTC 2026
Changes made at Thu Feb 19 08:29:11 UTC 2026
Changes made at Thu Feb 19 10:30:41 UTC 2026
Changes made at Thu Feb 19 14:39:18 UTC 2026
Changes made at Thu Feb 19 16:37:09 UTC 2026
Changes made at Fri Feb 20 08:27:12 UTC 2026
Changes made at Fri Feb 20 10:24:35 UTC 2026
